{
    "__createdwith": "opl's Model Creator",
    "ambientocclusion": false,
    "textures": {
        "side": "blocks/bed_head_side",
        "top": "blocks/bed_head_top",
        "bottom": "blocks/planks_oak_flat",
        "particle": "blocks/bed_head_top",
        "end": "blocks/bed_head_end"
    },
    "elements": [
        {
            "from": [0,3,0],
            "to": [16,9,16],
            "faces": {
                "up": {
                    "uv": [0,16,16,0],
                    "texture": "#top",
                    "rotation": 90
                },
                "down": {
                    "texture": "#bottom"
                },
                "west": {
                    "texture": "#side"
                },
                "east": {
                    "uv": [16,7,0,13],
                    "texture": "#side"
                },
                "south": {
                    "texture": "#end"
                }
            }
        },
        {
            "from": [2,9,9],
            "to": [14,10,14],
            "faces": {
                "up": {
                    "uv": [9,2,14,14],
                    "texture": "#top",
                    "rotation": 90
                },
                "west": {
                    "texture": "#side"
                },
                "east": {
                    "uv": [14,6,9,7],
                    "texture": "#side"
                },
                "north": {
                    "uv": [9,2,10,14],
                    "texture": "#top",
                    "rotation": 90
                }
            }
        },
        {
            "from": [0,0,13],
            "to": [3,3,16],
            "faces": {
                "down": {
                    "texture": "#bottom"
                },
                "west": {
                    "texture": "#side"
                },
                "east": {
                    "uv": [16,13,13,16],
                    "texture": "#side"
                },
                "north": {
                    "texture": "#end"
                },
                "south": {
                    "texture": "#end"
                }
            }
        },
        {
            "from": [13,0,13],
            "to": [16,3,16],
            "faces": {
                "down": {
                    "texture": "#bottom"
                },
                "west": {
                    "texture": "#side"
                },
                "east": {
                    "uv": [16,13,13,16],
                    "texture": "#side"
                },
                "north": {
                    "texture": "#end"
                },
                "south": {
                    "texture": "#end"
                }
            }
        },
        {
            "from": [0,9,14],
            "to": [16,10,16],
            "faces": {
                "up": {
                    "uv": [14,0,16,16],
                    "texture": "#top",
                    "rotation": 90
                },
                "west": {
                    "texture": "#side"
                },
                "east": {
                    "uv": [16,6,14,7],
                    "texture": "#side"
                },
                "north": {
                    "texture": "#end"
                },
                "south": {
                    "texture": "#end"
                }
            }
        },
        {
            "from": [0,10,14],
            "to": [2,12,16],
            "faces": {
                "up": {
                    "uv": [14,14,16,16],
                    "texture": "#top",
                    "rotation": 90
                },
                "west": {
                    "texture": "#side"
                },
                "east": {
                    "texture": "#end"
                },
                "north": {
                    "uv": [14,4,16,6],
                    "texture": "#end"
                },
                "south": {
                    "texture": "#end"
                }
            }
        },
        {
            "from": [14,10,14],
            "to": [16,12,16],
            "faces": {
                "up": {
                    "uv": [14,0,16,2],
                    "texture": "#top",
                    "rotation": 90
                },
                "west": {
                    "texture": "#end"
                },
                "east": {
                    "uv": [16,4,14,6],
                    "texture": "#side"
                },
                "north": {
                    "uv": [0,4,2,6],
                    "texture": "#end"
                },
                "south": {
                    "texture": "#end"
                }
            }
        },
        {
            "from": [1,11,14],
            "to": [15,13,16],
            "faces": {
                "up": {
                    "uv": [14,1,16,15],
                    "texture": "#top",
                    "rotation": 90
                },
                "down": {
                    "uv": [14,1,16,15],
                    "texture": "#top",
                    "rotation": 90
                },
                "west": {
                    "texture": "#side"
                },
                "east": {
                    "uv": [16,3,14,5],
                    "texture": "#side"
                },
                "north": {
                    "texture": "#end"
                },
                "south": {
                    "texture": "#end"
                }
            }
        },
        {
            "from": [0,1,4],
            "to": [16,3,9],
            "faces": {
                "west": {
                    "texture": "#side"
                },
                "east": {
                    "uv": [9,13,4,15],
                    "texture": "#side"
                }
            }
        }
    ]
}
