{
    "__createdwith": "opl's Model Creator",
    "ambientocclusion": false,
    "textures": {
        "texture": "blocks/ladder",
        "particle": "blocks/planks_oak"
    },
    "elements": [
        {
            "from": [12,0,15],
            "to": [14,16,16],
            "faces": {
                "up": {
                    "texture": "#texture"
                },
                "down": {
                    "uv": [12,0,14,1],
                    "texture": "#texture"
                },
                "west": {
                    "uv": [3,0,4,16],
                    "texture": "#texture"
                },
                "east": {
                    "uv": [13,0,14,16],
                    "texture": "#texture"
                },
                "north": {
                    "uv": [2,0,4,16],
                    "texture": "#texture"
                },
                "south": {
                    "uv": [2,0,4,16],
                    "texture": "#texture"
                }
            }
        },
        {
            "from": [1,11,14],
            "to": [15,13,15],
            "faces": {
                "up": {
                    "uv": [1,3,15,4],
                    "texture": "#texture"
                },
                "down": {
                    "uv": [1,3,15,4],
                    "texture": "#texture"
                },
                "west": {
                    "texture": "#texture"
                },
                "east": {
                    "texture": "#texture"
                },
                "north": {
                    "texture": "#texture"
                },
                "south": {
                    "texture": "#texture"
                }
            }
        },
        {
            "from": [2,0,15],
            "to": [4,16,16],
            "faces": {
                "up": {
                    "texture": "#texture"
                },
                "down": {
                    "uv": [2,0,4,1],
                    "texture": "#texture"
                },
                "west": {
                    "uv": [13,0,14,16],
                    "texture": "#texture"
                },
                "east": {
                    "uv": [13,0,14,16],
                    "texture": "#texture"
                },
                "north": {
                    "uv": [12,0,14,16],
                    "texture": "#texture"
                },
                "south": {
                    "uv": [12,0,14,16],
                    "texture": "#texture"
                }
            }
        },
        {
            "from": [1,3,14],
            "to": [15,5,15],
            "faces": {
                "up": {
                    "uv": [1,11,15,12],
                    "texture": "#texture"
                },
                "down": {
                    "uv": [1,11,15,12],
                    "texture": "#texture"
                },
                "west": {
                    "texture": "#texture"
                },
                "east": {
                    "texture": "#texture"
                },
                "north": {
                    "texture": "#texture"
                },
                "south": {
                    "texture": "#texture"
                }
            }
        }
    ]
}
